{
  "R0_D00": {
    "xyz": [-0.6147998051129465, -2.351929862432055e-16, 0.0004895233220600577],
    "kps": [-4.804530767879343e-13, -1.5700000948921882, 4.808357812363919e-13]
  },
  "R0_D01": {
    "xyz": [-0.45125230637126557, -8.477459303201747e-8, 0.08515826183737765],
    "kps": [-3.141591785522368, -0.4497864164042696, 3.1415923713531213]
  },
  "R0_D02": {
    "xyz": [-0.27282362352783984, 1.6697353407972146e-8, 0.41234866355200417],
    "kps": [-3.1415906524340436, -1.4015066864125545, 3.141590782118139]
  },
  "R0_D03": {
    "xyz": [-0.39524097330177455, 0.05409589053460992, 0.2540315705346861],
    "kps": [-3.141518514061995, -1.556819012666717, 3.1415146215671346]
  },
  "R0_D04": {
    "xyz": [-0.44578962615977097, 0.054095433294251885, 0.25403153838622755],
    "kps": [-3.141548230715841, -1.55682043972031, 3.1415460360285947]
  },
  "R0_D05": {
    "xyz": [-0.36730348604103935, 0.3307191081391618, -0.009154202166839142],
    "kps": [-2.730700654672292, -1.4994322170295515, 2.658265627578435]
  },
  "R0_D06": {
    "xyz": [-0.42891638431415424, 0.3307191356440027, -0.009153206139059783],
    "kps": [-2.73041643192978, -1.4994253790823693, 2.657980282503626]
  }
}
